id,procedure_id,last_modified_user_id,last_modified_date,created_user_id,created_date
1,1,1,"1901-01-01 00:00:00",1,"1901-01-01 00:00:00"
2,2,1,"1901-01-01 00:00:00",1,"1901-01-01 00:00:00"
3,3,1,"1901-01-01 00:00:00",1,"1901-01-01 00:00:00"
4,4,1,"1901-01-01 00:00:00",1,"1901-01-01 00:00:00"
5,5,1,"1901-01-01 00:00:00",1,"1901-01-01 00:00:00"
6,6,1,"1901-01-01 00:00:00",1,"1901-01-01 00:00:00"
7,7,1,"1901-01-01 00:00:00",1,"1901-01-01 00:00:00"
8,8,1,"1901-01-01 00:00:00",1,"1901-01-01 00:00:00"
9,9,1,"1901-01-01 00:00:00",1,"1901-01-01 00:00:00"
10,10,1,"1901-01-01 00:00:00",1,"1901-01-01 00:00:00"
11,2,1,"1901-01-01 00:00:00",1,"1901-01-01 00:00:00"
12,11,1,"1901-01-01 00:00:00",1,"1901-01-01 00:00:00"
13,12,1,"1901-01-01 00:00:00",1,"1901-01-01 00:00:00"